{
  "allowSleep": true,
  "autoClearForces": true,
  "body": [
    {
      "angle": 0,
      "angularVelocity": 0,
      "awake": true,
      "fixture": [
        {
          "chain": {
            "vertices": {
              "x": [
                1558.160644531250,
                1556.746215820312,
                1231.695434570312,
                1185.732055664062,
                1139.768676757812,
                1093.805175781250,
                1047.842163085938,
                1001.878173828125,
                949.0881958007812,
                936.0735473632812,
                931.2434082031250,
                912.4587402343750,
                912.0225219726562,
                911.6683959960938,
                910.6600952148438,
                910.4608764648438,
                909.9518432617188,
                863.9884643554688,
                818.0250854492188,
                772.0621948242188,
                726.098144531250,
                680.1351928710938,
                648.2877197265625,
                588.2082519531250,
                565.8605346679688,
                549.9337158203125,
                533.66894531250,
                509.2935485839844,
                498.4358520507812,
                491.3031921386719,
                483.5838623046875,
                477.8922119140625,
                475.9179077148438,
                474.9574890136719,
                432.3328552246094,
                429.39746093750,
                427.4758911132812,
                421.8369445800781,
                418.5635986328125,
                414.6143798828125,
                368.6509399414062,
                271.18066406250,
                245.1453552246094,
                193.7835388183594,
                138.8944702148438,
                82.6110839843750,
                28.90759277343750,
                0.5202188491821289,
                -55.27880096435547,
                -55.72096252441406
              ],
              "y": [
                -32.65655899047852,
                1.170658111572266,
                0.9997987747192383,
                0.8289394378662109,
                0.6580791473388672,
                0.4872207641601562,
                0.3163604736328125,
                0.1455402374267578,
                1.463070869445801,
                0.6165943145751953,
                0.4713807106018066,
                -0.007364749908447266,
                -0.1079931259155273,
                0.01197707653045654,
                -0.1951439380645752,
                0.01090490818023682,
                -0.1962175369262695,
                -0.3670778274536133,
                -0.5379371643066406,
                -0.7087593078613281,
                -0.8796596527099609,
                -1.050559997558594,
                -12.51463317871094,
                -55.57247161865234,
                -60.81752014160156,
                -59.64163970947266,
                -53.73457336425781,
                -35.66156768798828,
                -24.34740829467773,
                -6.458084106445312,
                11.03782272338867,
                20.76105308532715,
                29.80838775634766,
                39.86954879760742,
                62.46532821655273,
                67.67031860351562,
                73.55120849609375,
                79.770019531250,
                83.28530120849609,
                82.40733337402344,
                47.77377319335938,
                9.573631286621094,
                9.701784133911133,
                6.565418243408203,
                7.219238281250,
                -3.271688461303711,
                4.297502517700195,
                -0.09561967849731445,
                -0.5,
                6.435473442077637
              ]
            }
          },
          "density": 1,
          "friction": 0.2,
          "name": "groundFixture"
        }
      ],
      "linearVelocity": 0,
      "name": "ground",
      "position": 0,
      "type": 0
    },
    {
      "angle": 0,
      "angularVelocity": 0,
      "awake": true,
      "fixture": [
        {
          "density": 1,
          "friction": 0.2,
          "name": "fixture1",
          "polygon": {
            "vertices": {
              "x": [
                527.2150878906250,
                527.2150878906250,
                519.2308349609375,
                519.2308349609375
              ],
              "y": [
                5.100058555603027,
                13.08430194854736,
                13.08430194854736,
                5.100058555603027
              ]
            }
          },
          "sensor": true
        }
      ],
      "linearVelocity": 0,
      "name": "finishSensor",
      "position": {
        "x": 1023.202392578125,
        "y": 5.358827590942383
      },
      "type": 0
    }
  ],
  "collisionbitplanes": {
    "names": [
      "bitplane1",
      "bitplane2",
      "bitplane3",
      "bitplane4",
      "bitplane5",
      "bitplane6",
      "bitplane7",
      "bitplane8",
      "bitplane9",
      "bitplane10",
      "bitplane11",
      "bitplane12",
      "bitplane13",
      "bitplane14",
      "bitplane15",
      "bitplane16",
      "bitplane17",
      "bitplane18",
      "bitplane19",
      "bitplane20",
      "bitplane21",
      "bitplane22",
      "bitplane23",
      "bitplane24",
      "bitplane25",
      "bitplane26",
      "bitplane27",
      "bitplane28",
      "bitplane29",
      "bitplane30",
      "bitplane31",
      "bitplane32"
    ]
  },
  "continuousPhysics": true,
  "gravity": {
    "x": 0,
    "y": -10
  },
  "positionIterations": 3,
  "stepsPerSecond": 60.0,
  "subStepping": false,
  "velocityIterations": 8,
  "warmStarting": true
}
