{
  "allowSleep": true,
  "autoClearForces": true,
  "body": [
    {
      "angle": 0,
      "angularVelocity": 0,
      "awake": true,
      "fixture": [
        {
          "chain": {
            "vertices": {
              "x": [
                -0.5844626426696777,
                -0.1083455085754395,
                4.879210948944092,
                6.756274223327637,
                9.175031661987305,
                11.59379005432129,
                14.01254844665527,
                16.43130683898926,
                18.85006332397461,
                21.03175735473633,
                21.41392707824707,
                21.63446426391602,
                21.85499572753906,
                22.29652976989746,
                22.35765838623047,
                35.78136825561523,
                41.07669830322266,
                43.36761093139648,
                44.82750701904297,
                46.92664718627930,
                47.87516021728516,
                50.29391860961914,
                52.71267700195312,
                55.13143157958984,
                57.55019378662109,
                59.96895217895508,
                62.38770675659180,
                64.80646514892578,
                67.22522735595703,
                69.64398193359375,
                72.06273651123047,
                74.48149871826172,
                77.85943603515625,
                79.81289672851562,
                81.73777770996094,
                84.07764434814453,
                86.23344421386719,
                87.81073760986328,
                89.41432189941406,
                90.96530914306641,
                91.91149902343750,
                92.64732360839844,
                93.83016967773438,
                94.82894897460938,
                95.64366149902344,
                97.18368530273438,
                97.85667419433594,
                98.43914031982422,
                99.35169219970703,
                100.4468154907227,
                102.2265930175781,
                122.8566589355469,
                125.2754135131836,
                127.6941680908203,
                130.1129302978516,
                132.5316925048828,
                134.9504547119141,
                137.3692016601562,
                139.7879638671875,
                142.2067260742188,
                144.6254730224609,
                147.0442504882812,
                149.4629974365234,
                151.8817596435547,
                154.3005065917969,
                156.7192687988281,
                159.1380310058594,
                161.5567779541016,
                163.9755554199219,
                166.3943023681641,
                168.8130645751953,
                171.2318115234375,
                173.6505737304688,
                176.06933593750,
                178.4880981445312,
                180.9068603515625,
                183.3256072998047,
                185.7443695068359,
                188.1631164550781,
                190.5818786621094,
                193.0006408691406,
                195.4194030761719,
                197.8381652832031,
                200.2569122314453,
                202.6756744384766,
                205.0944213867188,
                207.513183593750,
                209.9319610595703,
                212.3507080078125,
                214.7694702148438,
                217.1882171630859,
                219.6069793701172,
                222.0257263183594,
                230.5243377685547,
                236.3975219726562,
                240.0599060058594,
                243.0314025878906,
                244.7592315673828,
                244.2762298583984,
                241.5824279785156,
                237.2304534912109
              ],
              "y": [
                0.5067757368087769,
                0.1017793267965317,
                0.1450574398040771,
                0.02661140449345112,
                0.03548187017440796,
                0.04435233771800995,
                0.05322280898690224,
                0.06209327653050423,
                0.07096374034881592,
                0.05828307569026947,
                0.1425825059413910,
                0.2592088878154755,
                0.1172209382057190,
                0.1086209267377853,
                0.2044726908206940,
                0.1330570131540298,
                0.3336980342864990,
                0.4704161882400513,
                0.6071343421936035,
                0.8716982603073120,
                0.1774093508720398,
                0.1862798184156418,
                0.1951503008604050,
                0.2040207535028458,
                0.2128912359476089,
                0.2217617034912109,
                0.2306321561336517,
                0.2395026236772537,
                0.2483731061220169,
                0.2572435736656189,
                0.2661140263080597,
                0.2749845087528229,
                0.6949343681335449,
                1.047848701477051,
                1.759822130203247,
                3.097830295562744,
                4.368902683258057,
                5.245538234710693,
                6.253652095794678,
                7.025102615356445,
                7.402116298675537,
                7.595059394836426,
                7.656519889831543,
                7.481319904327393,
                7.200935840606689,
                5.605290412902832,
                4.429535388946533,
                3.338026046752930,
                2.479691743850708,
                2.032137393951416,
                1.721509933471680,
                0.4523938596248627,
                0.4612643122673035,
                0.4701347947120667,
                0.4790052473545074,
                0.4878757596015930,
                0.4967462122440338,
                0.5056166648864746,
                0.5144871473312378,
                0.5233575701713562,
                0.5322280526161194,
                0.5410985946655273,
                0.5499690175056458,
                0.5588394999504089,
                0.5677099227905273,
                0.5765804052352905,
                0.5854508876800537,
                0.5943213105201721,
                0.6031918525695801,
                0.6120622754096985,
                0.6209327578544617,
                0.6298032402992249,
                0.6386736631393433,
                0.6475441455841064,
                0.6564146280288696,
                0.6652851104736328,
                0.6741555929183960,
                0.6830260157585144,
                0.6918964982032776,
                0.7007669210433960,
                0.7096374034881592,
                0.7185079455375671,
                0.7273783683776855,
                0.7362488508224487,
                0.7451192736625671,
                0.7539897561073303,
                0.7628602385520935,
                0.7717307209968567,
                0.7806012034416199,
                0.7894716262817383,
                0.7983421087265015,
                0.8072125911712646,
                0.8160830140113831,
                0.8249535560607910,
                2.353790044784546,
                4.849854469299316,
                6.655043125152588,
                10.53290176391602,
                15.23981571197510,
                18.01225471496582,
                22.44281768798828
              ]
            }
          },
          "density": 1,
          "friction": 0.2,
          "name": "fixture0"
        }
      ],
      "linearVelocity": 0,
      "name": "body0",
      "position": {
        "x": 22.85287475585938,
        "y": -1.152989983558655
      },
      "type": 0
    },
    {
      "angle": 0,
      "angularVelocity": 0,
      "awake": true,
      "fixture": [
        {
          "chain": {
            "vertices": {
              "x": [
                -75.13169097900391,
                1261.552124023438
              ],