{
  "allowSleep": true,
  "autoClearForces": true,
  "body": [
    {
      "angle": 0,
      "angularVelocity": 0,
      "awake": true,
      "fixture": [
        {
          "chain": {
            "vertices": {
              "x": [
                5.54772949218750,
                5.777653217315674,
                22.72660255432129,
                37.87655639648438,
                45.91560745239258,
                51.88601684570312,
                57.90885162353516,
                64.39601898193359,
                74.04943847656250,
                81.74488830566406,
                89.19374084472656,
                96.82943725585938,
                103.5321502685547,
                109.2668228149414,
                115.0083999633789,
                122.3862457275391,
                129.7475433349609,
                134.8668365478516,
                137.8767395019531,
                144.6482543945312,
                151.5143432617188,
                155.187011718750,
                157.4312438964844,
                159.5500183105469,
                164.6542663574219,
                175.6953430175781,
                181.8717346191406,
                187.1681518554688,
                192.4465637207031,
                195.8143920898438,
                198.8002777099609,
                202.6529846191406,
                207.7365417480469,
                211.7552185058594,
                215.6563720703125,
                218.4548645019531,
                222.7502593994141,
                227.0277404785156,
                230.3903045654297,
                235.8304138183594,
                245.0783233642578,
                262.2155151367188,
                289.2083435058594,
                347.6208496093750,
                377.996093750,
                379.5113525390625,
                379.4098510742188,
                480.9258422851562,
                529.4468383789062,
                634.0498657226562,
                655.9368286132812,
                728.2256469726562,
                777.0628662109375,
                875.8114624023438,
                880.148925781250,
                5431.843750
              ],
              "y": [
                -3.637306928634644,
                -4.495860099792480,
                -3.720035552978516,
                -3.476796627044678,
                -3.323641300201416,
                -3.258492946624756,
                -3.354824781417847,
                -3.627094268798828,
                -4.007361412048340,
                -4.394090175628662,
                -4.876605987548828,
                -5.340813636779785,
                -5.759003639221191,
                -5.794659614562988,
                -5.836550712585449,
                -5.932668685913086,
                -5.931880950927734,
                -5.784920692443848,
                -5.410606384277344,
                -4.006845474243164,
                -2.577461719512939,
                -1.801221728324890,
                -1.349727153778076,
                -1.082051038742065,
                -0.9085983037948608,
                -0.9303365349769592,
                -1.024392247200012,
                -1.163540959358215,
                -1.371749162673950,
                -1.564584970474243,
                -1.869651317596436,
                -2.484447479248047,
                -3.232630252838135,
                -3.810750246047974,
                -4.365304470062256,
                -4.261112213134766,
                -4.482398986816406,
                -4.142875671386719,
                -2.965697765350342,
                -1.747366905212402,
                1.026464462280273,
                6.690359115600586,
                11.12990760803223,
                10.67601966857910,
                10.65102863311768,
                11.28708076477051,
                10.66440296173096,
                10.67601966857910,
                10.67601966857910,
                10.67601966857910,
                4.944409847259521,
                9.743690490722656,
                10.67601966857910,
                7.698854446411133,
                8.672035217285156,
                24.91686439514160
              ]
            }
          },
          "density": 1,
          "friction": 1,
          "name": "fixture0"
        }
      ],
      "linearVelocity": {
        "x": 0,
        "y": 0
      },
      "name": "ground",
      "position": {
        "x": -10.29583358764648,
        "y": 2.157279968261719
      },
      "type": 0
    }
  ],
  "collisionbitplanes": {
    "names": [
      "bitplane1",
      "bitplane2",
      "bitplane3",
      "bitplane4",
      "bitplane5",
      "bitplane6",
      "bitplane7",
      "bitplane8",
      "bitplane9",
      "bitplane10",
      "bitplane11",
      "bitplane12",
      "bitplane13",
      "bitplane14",
      "bitplane15",
      "bitplane16",
      "bitplane17",
      "bitplane18",
      "bitplane19",
      "bitplane20",
      "bitplane21",
      "bitplane22",
      "bitplane23",
      "bitplane24",
      "bitplane25",
      "bitplane26",
      "bitplane27",
      "bitplane28",
      "bitplane29",
      "bitplane30",
      "bitplane31",
      "bitplane32"
    ]
  },
  "continuousPhysics": true,
  "gravity": {
    "x": 0,
    "y": -10.0
  },
  "image": [
    {
      "aspectScale": 1,
      "body": -1,
      "center": {
        "x": 149.8103790283203,
        "y": -5.112783908843994
      },
      "corners": {
        "x": [
          -14.59262084960938,
          314.213378906250,
          314.213378906250,
          -14.59262084960938
        ],
        "y": [
          -14.68501091003418,
          -14.68501091003418,
          4.459443569183350,
          4.459443569183350
        ]
      },
      "file": "data/img/level1/level.png",
      "filter": 1,
      "glDrawElements": [
        0,
        1,
        2,
        2,
        3,
        0
      ],
      "glTexCoordPointer": [
        0.0,
        0.0,
        1.0,
        0.0,
        1.0,
        1.0,
        0.0,
        1.0
      ],
      "glVertexPointer": [
        -14.59262084960938,
        -14.68501091003418,
        314.213378906250,
        -14.68501091003418,
        314.213378906250,
        4.459443569183350,
        -14.59262084960938,
        4.459443569183350
      ],
      "name": "image0",
      "opacity": 0.50,
      "scale": 19.14445495605469
    }
  ],
  "positionIterations": 3,
  "stepsPerSecond": 60.0,
  "subStepping": false,
  "velocityIterations": 8,
  "warmStarting": true
}
