{
  "allowSleep": true,
  "autoClearForces": true,
  "body": [
    {
      "angle": 0,
      "angularVelocity": 0,
      "awake": true,
      "fixture": [
        {
          "density": 1,
          "friction": 0.2,
          "name": "fixture1",
          "polygon": {
            "vertices": {
              "x": [
                7.208330154418945,
                7.208330154418945,
                -0.7759075164794922,
                -0.7759075164794922
              ],
              "y": [
                -1.847985267639160,
                6.136258125305176,
                6.136258125305176,
                -1.847985267639160
              ]
            }
          },
          "sensor": true
        }
      ],
      "linearVelocity": 0,
      "name": "finishSensor",
      "position": {
        "x": 152.4830780029297,
        "y": 4.328348636627197
      },
      "type": 0
    },
    {
      "angle": 0,
      "angularVelocity": 0,
      "awake": true,
      "fixture": [
        {
          "chain": {
            "vertices": {
              "x": [
                206.1503753662109,
                204.5213775634766,
                149.1673736572266,
                146.5833892822266,
                145.1013641357422,
                143.1253814697266,
                141.1873626708984,
                139.5913848876953,
                137.3113861083984,
                135.8673858642578,
                133.9673614501953,
                130.9953765869141,
                130.0133666992188,
                128.7023620605469,
                126.7014083862305,
                123.1464080810547,
                122.2114105224609,
                119.8554077148438,
                117.9104080200195,
                115.2934036254883,
                112.8244094848633,
                111.1794052124023,
                109.5334091186523,
                107.0594100952148,
                105.5914077758789,
                103.4594039916992,
                101.9214096069336,
                99.77140808105469,
                97.58641052246094,
                95.62440490722656,
                92.92110443115234,
                90.38010406494141,
                87.95680999755859,
                85.85601043701172,
                84.13500213623047,
                81.48899841308594,
                79.05190277099609,
                76.31019592285156,
                73.83650207519531,
                70.55640411376953,
                69.39463043212891,
                68.21279144287109,
                67.43939971923828,
                66.71282958984375,
                65.91992950439453,
                64.43441009521484,
                63.93072509765625,
                63.68920516967773,
                59.56043624877930,
                59.34890365600586,
                59.17901229858398,
                58.83526229858398,
                58.63720321655273,
                58.51665878295898,
                58.32900619506836,
                58.15330886840820,
                58.04767227172852,
                57.93460464477539,
                57.80580520629883,
                57.66086959838867,
                57.40954971313477,
                57.25740432739258,
                57.05836105346680,
                56.90980148315430,
                56.75111770629883,
                56.50519180297852,
                56.31340408325195,
                56.13591384887695,
                55.97098159790039,
                55.79900741577148,
                55.68693161010742,
                55.54035568237305,
                55.37548446655273,
                55.18556594848633,
                54.98805618286133,
                53.86525344848633,
                53.63565444946289,
                53.40118789672852,
                53.18756484985352,
                52.89838790893555,
                49.02535629272461,
                48.79214096069336,
                48.53121566772461,
                48.28011703491211,
                48.04629135131836,
                46.71850204467773,
                46.31192398071289,
                45.88640975952148,
                43.34489059448242,
                43.09954452514648,
                42.91337966918945,
                42.74060440063477,
                42.61061477661133,
                39.47858047485352,
                39.39290237426758,
                39.30610275268555,
                39.24567031860352,
                39.18599319458008,
                39.14812088012695,
                39.09484481811523,
                39.02272415161133,
                38.57222366333008,
                38.43782424926758,
                38.31943893432617,
                38.15346908569336,
                38.00193405151367,
                30.98960113525391,
                30.86170196533203,
                30.72940063476563,
                30.61320114135742,
                30.50340080261231,
                27.33920097351074,
                24.50520133972168,
                24.39100074768066,
                24.23870086669922,
                24.10660171508789,
                23.97850036621094,
                20.28030395507813,
                19.97947692871094,
                19.81092071533203,
                19.67255020141602,
                19.49626159667969,
                19.26924896240234,
                19.15931320190430,
                19.00502204895020,
                18.80883026123047,
                18.55150413513184,
                18.36456108093262,
                18.19267654418945,
                18.03647804260254,
                17.86260414123535,
                17.68987846374512,
                17.54366493225098,
                17.40026855468750,
                17.20417594909668,
                16.99312782287598,
                16.82820320129395,
                16.70056915283203,
                16.53333282470703,
                16.36302185058594,
                16.21826553344727,
                16.03425025939941,
                15.84934806823731,
                15.69377899169922,
                15.54848861694336,
                15.39540863037109,
                15.21973228454590,
                15.08138656616211,
                14.95247650146484,
                14.78795242309570,
                14.62093353271484,
                12.90340805053711,
                12.73551177978516,
                12.59490203857422,
                10.91015434265137,
                10.77917861938477,
                10.68624687194824,
                10.61209297180176,
                10.50823593139648,
                10.41496276855469,
                10.33022308349609,
                10.25885772705078,
                10.18122482299805,
                10.08896636962891,
                9.962743759155273,
                9.842494964599609,
                9.650522232055664,
                9.459312438964844,
                9.332544326782227,
                9.180337905883789,
                9.050168991088867,
                8.925413131713867,
                8.718431472778320,
                -4.627475738525391,
                -4.627475738525391
              ],