{
  "allowSleep": true,
  "autoClearForces": true,
  "body": [
    {
      "angle": 0,
      "angularVelocity": 0,
      "awake": true,
      "fixture": [
        {
          "density": 1,
          "friction": 0.2,
          "name": "fixture1",
          "polygon": {
            "vertices": {
              "x": [
                0.5,
                0.5,
                -0.5,
                -0.5
              ],
              "y": [
                -0.5,
                0.5,
                0.5,
                -0.5
              ]
            }
          }
        }
      ],
      "linearVelocity": 0,
      "name": "finishSensor",
      "position": {
        "x": 76.73029327392578,
        "y": 0.1501924395561218
      },
      "type": 0
    },
    {
      "angle": 0,
      "angularVelocity": 0,
      "awake": true,
      "fixture": [
        {
          "chain": {
            "vertices": {
              "x": [
                80.70949554443359,
                68.72170257568359,
                67.57892608642578,
                65.96989440917969,
                64.49348449707031,
                63.59881591796875,
                62.54288864135742,
                61.51505661010742,
                60.42669677734375,
                59.24987792968750,
                58.49541473388672,
                57.94909286499023,
                57.06031799316406,
                56.06784820556641,
                54.57855987548828,
                53.24336624145508,
                51.90037918090820,
                50.66765975952148,
                49.27913665771484,
                47.69504165649414,
                46.03736877441406,
                44.17289352416992,
                41.87847518920898,
                39.80597686767578,
                37.58938598632813,
                36.13830566406250,
                34.27021026611328,
                32.31949615478516,
                31.20674324035645,
                29.17579460144043,
                27.68411636352539,
                26.12544631958008,
                24.99963569641113,
                23.83877372741699,
                22.21143531799316,
                20.12749099731445,
                18.52882194519043,
                17.22188568115234,
                16.51322555541992,
                14.86726856231690,
                13.25111103057861,
                12.46303462982178,
                11.38560676574707,
                10.39066600799561,
                9.164130210876465,
                6.838191509246826,
                -3.516216993331909
              ],
              "y": [
                -0.5237119793891907,
                -0.4910379052162170,
                -0.1136708185076714,
                0.4520508348941803,
                0.9465402960777283,
                1.233856201171875,
                1.531559348106384,
                1.774749159812927,
                1.990707635879517,
                2.070113658905029,
                1.995234966278076,
                1.829428315162659,
                1.372782111167908,
                1.042865037918091,
                0.6931102275848389,
                0.4943998754024506,
                0.3328998684883118,
                0.1665566712617874,
                0.04642117768526077,
                -0.02615777403116226,
                -0.1416872888803482,
                -0.1482520401477814,
                -0.1410527825355530,
                -0.1542214453220367,
                -0.1332487314939499,
                -0.09181949496269226,
                -0.05380400642752647,
                -0.1041984707117081,
                -0.2406593114137650,
                -0.3059293925762177,
                -0.3192508220672607,
                -0.2831713259220123,
                -0.1872953325510025,
                0.05605449154973030,
                0.2107221484184265,
                0.2368857413530350,
                0.1847653537988663,
                0.05776428431272507,
                -0.1366449594497681,
                -0.4768999516963959,
                -0.6181975007057190,
                -0.6026447415351868,
                -0.5201790332794190,
                -0.4052430391311646,
                -0.2875699698925018,
                -0.04375560954213142,
                -0.04527724161744118
              ]
            }
          },
          "density": 1,
          "friction": 0.2,
          "name": "fixture0"
        }
      ],
      "linearVelocity": 0,
      "name": "body0",
      "position": {
        "x": -0.02540695667266846,
        "y": -1.626044750213623
      },
      "type": 0
    }
  ],
  "collisionbitplanes": {
    "names": [
      "bitplane1",
      "bitplane2",
      "bitplane3",
      "bitplane4",
      "bitplane5",
      "bitplane6",
      "bitplane7",
      "bitplane8",
      "bitplane9",
      "bitplane10",
      "bitplane11",
      "bitplane12",
      "bitplane13",
      "bitplane14",
      "bitplane15",
      "bitplane16",
      "bitplane17",
      "bitplane18",
      "bitplane19",
      "bitplane20",
      "bitplane21",
      "bitplane22",
      "bitplane23",
      "bitplane24",
      "bitplane25",
      "bitplane26",
      "bitplane27",
      "bitplane28",
      "bitplane29",
      "bitplane30",
      "bitplane31",
      "bitplane32"
    ]
  },
  "continuousPhysics": true,
  "gravity": {
    "x": 0,
    "y": -10
  },
  "image": [
    {
      "aspectScale": 1,
      "body": 1,
      "center": {
        "x": 38.67190933227539,
        "y": 1.694742441177368
      },
      "corners": {
        "x": [
          -3.515255212783814,
          80.85907745361328,
          80.85907745361328,
          -3.515255212783814
        ],
        "y": [
          -0.8364875316619873,
          -0.8364875316619873,
          4.225972175598145,
          4.225972175598145
        ]
      },
      "file": "data/img/leveltest/leveltest.png",
      "filter": 1,
      "glDrawElements": [
        0,
        1,
        2,
        2,
        3,
        0
      ],
      "glTexCoordPointer": [
        0.0,
        0.0,
        1,
        0.0,
        1,
        1,
        0.0,
        1
      ],
      "glVertexPointer": [
        -3.515255212783814,
        -0.8364875316619873,
        80.85907745361328,
        -0.8364875316619873,
        80.85907745361328,
        4.225972175598145,
        -3.515255212783814,
        4.225972175598145
      ],
      "name": "image0",
      "opacity": 0.5,
      "scale": 5.062459945678711
    }
  ],
  "positionIterations": 3,
  "stepsPerSecond": 60.0,
  "subStepping": false,
  "velocityIterations": 8,
  "warmStarting": true
}
