
{
  "allowSleep": true,
  "autoClearForces": true,
  "body": [
    {
      "angle": 0,
      "angularVelocity": 0,
      "awake": true,
      "fixture": [
        {
          "density": 1,
          "friction": 0.2,
          "name": "fixture1",
          "polygon": {
            "vertices": {
              "x": [
                7.208330154418945,
                7.208330154418945,
                -0.7759075164794922,
                -0.7759075164794922
              ],
              "y": [
                -1.847985267639160,
                6.136258125305176,
                6.136258125305176,
                -1.847985267639160
              ]
            }
          },
          "sensor": true
        }
      ],
      "linearVelocity": 0,
      "name": "finishSensor",
      "position": {
        "x": 253.2883758544922,
        "y": 0.7914009094238281
      },
      "type": 0
    },
    {
      "angle": 0,
      "angularVelocity": 0,
      "awake": true,
      "fixture": [
        {
          "chain": {
            "vertices": {
              "x": [
                274.1343994140625,
                204.5213775634766,
                149.4409484863281,
                146.5833892822266,
                144.7821960449219,
                143.1253814697266,
                141.1873626708984,
                139.5913848876953,
                135.8067626953125,
                134.0717926025391,
                133.5570220947266,
                131.4513244628906,
                130.0133666992188,
                128.7023620605469,
                126.7014083862305,
                123.1464080810547,
                122.2114105224609,
                119.8554077148438,
                117.5947418212891,
                115.1871643066406,
                113.861816406250,
                112.2545852661133,
                111.5418777465820,
                110.7230224609375,
                110.1970520019531,
                108.0203704833984,
                106.1149215698242,
                103.3990325927734,
                100.5569915771484,
                98.21792602539062,
                96.72367858886719,
                95.39174652099609,
                93.95767974853516,
                93.30760955810547,
                90.13587188720703,
                87.07951354980469,
                85.05277252197266,
                81.64919281005859,
                79.55241394042969,
                78.94168090820312,
                77.86447143554688,
                76.74869537353516,
                75.97530364990234,
                75.24872589111328,
                74.45583343505859,
                72.97031402587891,
                72.46662139892578,
                71.01696014404297,
                69.56913757324219,
                68.51698303222656,
                67.71491241455078,
                67.37116241455078,
                67.17310333251953,
                67.05255889892578,
                65.41146850585938,
                65.23577117919922,
                65.13013458251953,
                65.01706695556641,
                64.88826751708984,
                64.74333190917969,
                64.49201202392578,
                64.33986663818359,
                64.14082336425781,
                63.99226379394531,
                63.83358001708984,
                63.58765411376953,
                63.39586639404297,
                63.21837615966797,
                63.05344390869141,
                62.88146972656250,
                62.76939392089844,
                62.62281799316406,
                62.45794677734375,
                62.26802825927734,
                61.89796447753906,
                61.59085083007812,
                61.35196685791016,
                61.13607406616211,
                60.92245101928711,
                60.10408020019531,
                59.29533004760742,
                59.06211471557617,
                58.80118942260742,
                58.55009078979492,
                58.31626510620117,
                56.98847579956055,
                54.53386306762695,
                52.59897613525391,
                50.81789779663086,
                49.91306686401367,
                49.06741333007812,
                45.60751724243164,
                43.69343566894531,
                41.41843032836914,
                40.30831527709961,
                39.76498413085938,
                39.61563491821289,
                39.43521881103516,
                39.39734649658203,
                39.19837951660156,
                38.95697402954102,
                38.57222366333008,
                38.43782424926758,
                38.31943893432617,
                38.15346908569336,
                36.56919860839844,
                31.67351913452148,
                30.86170196533203,
                30.72940063476562,
                30.61320114135742,
                30.50340080261230,
                27.33920097351074,
                24.50520133972168,
                24.39100074768066,
                24.23870086669922,
                24.10660171508789,
                23.97850036621094,
                21.18348693847656,
                19.97947692871094,
                19.59950065612793,
                19.54065895080566,
                19.50102233886719,
                19.30425834655762,
                19.10219192504883,
                18.92301750183105,
                18.70199012756348,
                18.52783966064453,
                18.36456108093262,
                18.19267654418945,
                18.03647804260254,
                17.86260414123535,
                17.68987846374512,
                17.54366493225098,
                17.40026855468750,
                17.20417594909668,
                16.99312782287598,
                16.82820320129395,
                16.70056915283203,
                16.53333282470703,
                16.36302185058594,
                16.21826553344727,
                16.03425025939941,
                15.84934806823730,
                15.69377899169922,
                15.54848861694336,
                15.39540863037109,
                15.21973228454590,
                15.08138656616211,
                14.95247650146484,
                14.78795242309570,
                14.62093353271484,
                12.90340805053711,
                12.73551177978516,
                12.59490203857422,
                10.91015434265137,
                10.77917861938477,
                10.68624687194824,
                10.61209297180176,
                10.50823593139648,
                10.41496276855469,
                10.33022308349609,
                10.25885772705078,
                10.18122482299805,
                10.08896636962891,
                9.962743759155273,
                9.677176475524902,
                9.292332649230957,
                6.538685321807861,
                6.081279277801514,
                5.460669994354248,
                4.999863147735596,
                2.609080791473389,
                -0.1028604507446289,
                -3.591948032379150,
                -7.466049194335938
              ],