{
  "allowSleep": true,
  "autoClearForces": true,
  "body": [
    {
      "angle": 0,
      "angularVelocity": 0,
      "awake": true,
      "fixture": [
        {
          "chain": {
            "vertices": {
              "x": [
                201.3565826416016,
                199.7275695800781,
                144.3735809326172,
                141.7895812988281,
                140.3075714111328,
                138.3315734863281,
                136.3935699462891,
                134.7975769042969,
                132.5175781250,
                131.0735778808594,
                129.1735687255859,
                126.2015838623047,
                125.2195739746094,
                123.9085693359375,
                121.9075775146484,
                118.3525772094727,
                117.4175796508789,
                115.0615768432617,
                113.1165771484375,
                110.4995727539063,
                108.0305786132813,
                106.3855743408203,
                104.7395782470703,
                102.2655792236328,
                100.7975769042969,
                98.66557312011719,
                97.12757873535156,
                94.97757720947266,
                92.79257965087891,
                90.83057403564453,
                88.12727355957031,
                85.58627319335938,
                83.16297912597656,
                81.06217956542969,
                79.34117889404297,
                76.69517517089844,
                74.25807952880859,
                71.51637268066406,
                69.04267883300781,
                65.76257324218750,
                64.60079956054688,
                63.41896057128906,
                62.64556884765625,
                61.91899871826172,
                61.12609481811523,
                59.64057922363281,
                59.13689804077148,
                58.89537811279297,
                54.76660537719727,
                54.55507659912109,
                54.38518524169922,
                54.04143524169922,
                53.84337615966797,
                53.72283172607422,
                53.53517532348633,
                53.35948181152344,
                53.25384521484375,
                53.14077758789063,
                53.01197814941406,
                52.86703872680664,
                52.615722656250,
                52.46357727050781,
                52.26453018188477,
                52.11597442626953,
                51.95728683471680,
                51.71136093139648,
                51.51957702636719,
                51.34208679199219,
                51.17715454101563,
                51.00518035888672,
                50.89310455322266,
                50.74652862548828,
                50.58165740966797,
                50.39173507690430,
                50.19422531127930,
                49.07142639160156,
                48.84182357788086,
                48.60735702514648,
                48.39373779296875,
                48.10456085205078,
                44.23152923583984,
                43.99831008911133,
                43.73738479614258,
                43.48628616333008,
                43.25246047973633,
                41.92467117309570,
                41.51809310913086,
                41.09258270263672,
                38.55106353759766,
                38.30571746826172,
                38.11954879760742,
                37.946777343750,
                37.81678771972656,
                34.68474960327148,
                34.59907150268555,
                34.51227188110352,
                34.45183944702148,
                34.39216613769531,
                34.35429000854492,
                34.30101776123047,
                34.22889709472656,
                33.77839279174805,
                33.64399719238281,
                33.52560806274414,
                33.35963821411133,
                33.20810317993164,
                26.19576263427734,
                26.06791496276856,
                25.93553543090820,
                25.81937026977539,
                25.70955276489258,
                22.54537773132324,
                19.71135711669922,
                19.59713745117188,
                19.44486427307129,
                19.31276512145996,
                19.18466567993164,
                15.48647880554199,
                15.18565177917481,
                15.00297546386719,
                14.87166595458984,
                14.69537734985352,
                14.50366306304932,
                14.36548709869385,
                14.21119689941406,
                14.01500415802002,
                13.75767898559570,
                13.57073593139648,
                13.39885139465332,
                13.24265289306641,
                13.10407829284668,
                12.94547080993652,
                12.78514003753662,
                12.60644435882568,
                12.41035079956055,
                12.19930267333984,
                12.03437805175781,
                11.90674400329590,
                11.72538948059082,
                11.55507850646973,
                11.41032218933106,
                11.24042510986328,
                11.05552196502686,
                10.89995288848877,
                10.75466346740723,
                10.60158348083496,
                10.42590713500977,
                10.28756046295166,
                10.15865039825440,
                9.994126319885254,
                9.848286628723145,
                8.201359748840332,
                8.075819969177246,
                7.970510005950928,
                7.855579853057861,
                7.736690044403076,
                7.689080238342285,
                7.563079833984375,
                6.116329669952393,
                5.985352993011475,
                5.892422199249268,
                5.818267822265625,
                5.714409828186035,
                5.621138095855713,
                5.536397933959961,
                5.465031623840332,
                5.387399673461914,
                5.295141220092773,
                5.168917655944824,
                5.048670291900635,
                4.856697082519531,
                4.665486812591553,
                4.538719177246094,
                4.386511325836182,
                4.256342411041260,
                4.131587982177734,
                3.924605369567871,
                -9.421299934387207,
                -9.421299934387207
              ],